insert into inmobiliaria (id, email, nombre, telefono) values (1, 'dechallie0@posterous.com', 'Doreen', '(350) 8359524');
insert into inmobiliaria (id, email, nombre, telefono) values (2, 'lrudgard1@prweb.com', 'Leanna', '(658) 5834157');
insert into inmobiliaria (id, email, nombre, telefono) values (3, 'edeanesy2@oaic.gov.au', 'Emili', '(461) 1660470');
insert into inmobiliaria (id, email, nombre, telefono) values (4, 'rbartlomiej3@barnesandnoble.com', 'Rogerio', '(112) 3324295');
insert into inmobiliaria (id, email, nombre, telefono) values (5, 'swisam4@google.com.br', 'Stefan', '(457) 4654074');
insert into inmobiliaria (id, email, nombre, telefono) values (6, 'slamasna5@vistaprint.com', 'Sonya', '(593) 3213539');
insert into inmobiliaria (id, email, nombre, telefono) values (7, 'fglidden6@tinypic.com', 'Frasco', '(646) 5244372');
insert into inmobiliaria (id, email, nombre, telefono) values (8, 'kelner7@yahoo.com', 'Kipp', '(181) 6204019');
insert into inmobiliaria (id, email, nombre, telefono) values (9, 'djayme8@netscape.com', 'Damon', '(197) 7156882');
insert into inmobiliaria (id, email, nombre, telefono) values (10, 'pdelacote9@drupal.org', 'Petronella', '(946) 6829582');
insert into inmobiliaria (id, email, nombre, telefono) values (11, 'ccohena@vinaora.com', 'Casandra', '(334) 2972733');
insert into inmobiliaria (id, email, nombre, telefono) values (12, 'wcopoziob@acquirethisname.com', 'Wolfgang', '(989) 2076409');
insert into inmobiliaria (id, email, nombre, telefono) values (13, 'abulterc@w3.org', 'Atalanta', '(663) 4863843');
insert into inmobiliaria (id, email, nombre, telefono) values (14, 'kdaltond@twitter.com', 'Klarrisa', '(184) 8452974');
insert into inmobiliaria (id, email, nombre, telefono) values (15, 'eburdgee@lycos.com', 'Eddy', '(937) 3733954');
insert into inmobiliaria (id, email, nombre, telefono) values (16, 'cmeindlf@youtube.com', 'Cazzie', '(465) 4828830');
insert into inmobiliaria (id, email, nombre, telefono) values (17, 'lgosforthg@sun.com', 'Leeland', '(637) 5321282');
insert into inmobiliaria (id, email, nombre, telefono) values (18, 'nargenth@comsenz.com', 'Nissie', '(560) 6456066');
insert into inmobiliaria (id, email, nombre, telefono) values (19, 'cspinielloi@ebay.com', 'Constantia', '(410) 2506066');
insert into inmobiliaria (id, email, nombre, telefono) values (20, 'lspringfordj@businessweek.com', 'Lyda', '(185) 1971399');
insert into inmobiliaria (id, email, nombre, telefono) values (21, 'nlangtonk@home.pl', 'Nikolos', '(546) 8543310');
insert into inmobiliaria (id, email, nombre, telefono) values (22, 'aheberl@printfriendly.com', 'Agretha', '(880) 7455230');
insert into inmobiliaria (id, email, nombre, telefono) values (23, 'fcrundenm@artisteer.com', 'Fara', '(442) 9695850');
insert into inmobiliaria (id, email, nombre, telefono) values (24, 'pevertn@cargocollective.com', 'Polly', '(327) 7168563');
insert into inmobiliaria (id, email, nombre, telefono) values (25, 'eshyramo@abc.net.au', 'Elianore', '(666) 5570081');
insert into inmobiliaria (id, email, nombre, telefono) values (26, 'gmullarkeyp@tamu.edu', 'Gianni', '(226) 5814042');
insert into inmobiliaria (id, email, nombre, telefono) values (27, 'cstapyltonq@godaddy.com', 'Carlota', '(287) 3701159');
insert into inmobiliaria (id, email, nombre, telefono) values (28, 'ymctrustyr@answers.com', 'Yankee', '(569) 7772777');
insert into inmobiliaria (id, email, nombre, telefono) values (29, 'jgroomes@smh.com.au', 'Jard', '(298) 9691471');
insert into inmobiliaria (id, email, nombre, telefono) values (30, 'wternoutht@sitemeter.com', 'Westleigh', '(833) 7845893');




insert into interesa (interesado_id, vivienda_id, create_date, mensaje) values (1, 1, '2022-06-22', 'nunc vestibulum ante ipsum primis in faucibus orci luctus et ultrices');
insert into interesa (interesado_id, vivienda_id, create_date, mensaje) values (2, 2, '2021-11-09', 'sit amet justo morbi ut odio cras mi pede malesuada in imperdiet et commodo vulputate justo in blandit');
insert into interesa (interesado_id, vivienda_id, create_date, mensaje) values (3, 3, '2021-05-25', 'sapien cursus vestibulum proin eu mi nulla ac enim in tempor turpis nec euismod scelerisque quam');
insert into interesa (interesado_id, vivienda_id, create_date, mensaje) values (4, 4, '2021-02-07', 'vel augue vestibulum rutrum rutrum neque aenean auctor gravida sem praesent');
insert into interesa (interesado_id, vivienda_id, create_date, mensaje) values (5, 5, '2022-01-19', 'volutpat eleifend donec ut dolor morbi vel lectus in quam fringilla rhoncus mauris');
insert into interesa (interesado_id, vivienda_id, create_date, mensaje) values (6, 6, '2022-02-01', 'lobortis est phasellus sit amet erat nulla tempus vivamus in felis eu sapien cursus vestibulum proin eu mi nulla');
insert into interesa (interesado_id, vivienda_id, create_date, mensaje) values (7, 7, '2021-04-06', 'nulla nunc purus phasellus in felis donec semper sapien a libero nam');
insert into interesa (interesado_id, vivienda_id, create_date, mensaje) values (8, 8, '2022-12-12', 'volutpat quam pede lobortis ligula sit amet eleifend pede libero quis orci');
insert into interesa (interesado_id, vivienda_id, create_date, mensaje) values (9, 9, '2022-02-10', 'amet lobortis sapien sapien non mi integer ac neque duis bibendum morbi non quam nec dui luctus rutrum');
insert into interesa (interesado_id, vivienda_id, create_date, mensaje) values (10, 10, '2021-02-04', 'id sapien in sapien iaculis congue vivamus metus arcu adipiscing molestie hendrerit at vulputate vitae nisl aenean lectus pellentesque');
insert into interesa (interesado_id, vivienda_id, create_date, mensaje) values (11, 11, '2022-04-09', 'hac habitasse platea dictumst etiam faucibus cursus urna ut tellus nulla ut erat id mauris vulputate elementum nullam varius');
insert into interesa (interesado_id, vivienda_id, create_date, mensaje) values (12, 12, '2022-07-17', 'sollicitudin mi sit amet lobortis sapien sapien non mi integer ac neque duis');
insert into interesa (interesado_id, vivienda_id, create_date, mensaje) values (13, 13, '2021-11-18', 'bibendum imperdiet nullam orci pede venenatis non sodales sed tincidunt');
insert into interesa (interesado_id, vivienda_id, create_date, mensaje) values (14, 14, '2021-02-20', 'lectus pellentesque at nulla suspendisse potenti cras in purus eu magna vulputate luctus cum sociis natoque penatibus et magnis dis');
insert into interesa (interesado_id, vivienda_id, create_date, mensaje) values (15, 15, '2022-01-05', 'augue vel accumsan tellus nisi eu orci mauris lacinia sapien quis libero nullam sit');
insert into interesa (interesado_id, vivienda_id, create_date, mensaje) values (16, 16, '2021-04-24', 'nulla quisque arcu libero rutrum ac lobortis vel dapibus at');
insert into interesa (interesado_id, vivienda_id, create_date, mensaje) values (17, 17, '2021-10-17', 'lectus in est risus auctor sed tristique in tempus sit amet sem fusce consequat nulla nisl nunc');
insert into interesa (interesado_id, vivienda_id, create_date, mensaje) values (18, 18, '2021-04-01', 'in hac habitasse platea dictumst morbi vestibulum velit id pretium iaculis');
insert into interesa (interesado_id, vivienda_id, create_date, mensaje) values (19, 19, '2021-06-17', 'metus sapien ut nunc vestibulum ante ipsum primis in faucibus orci luctus et ultrices posuere');
insert into interesa (interesado_id, vivienda_id, create_date, mensaje) values (20, 20, '2022-06-17', 'dui luctus rutrum nulla tellus in sagittis dui vel nisl duis ac nibh');
insert into interesa (interesado_id, vivienda_id, create_date, mensaje) values (21, 21, '2022-07-21', 'sed augue aliquam erat volutpat in congue etiam justo etiam pretium iaculis justo');
insert into interesa (interesado_id, vivienda_id, create_date, mensaje) values (22, 22, '2022-02-05', 'in consequat ut nulla sed accumsan felis ut at dolor quis odio consequat varius integer ac leo');
insert into interesa (interesado_id, vivienda_id, create_date, mensaje) values (23, 23, '2021-08-28', 'lacinia aenean sit amet justo morbi ut odio cras mi pede malesuada in imperdiet et');
insert into interesa (interesado_id, vivienda_id, create_date, mensaje) values (24, 24, '2021-10-15', 'ante ipsum primis in faucibus orci luctus et ultrices posuere cubilia curae donec pharetra magna vestibulum');
insert into interesa (interesado_id, vivienda_id, create_date, mensaje) values (25, 25, '2021-07-29', 'mauris vulputate elementum nullam varius nulla facilisi cras non velit nec nisi vulputate');
insert into interesa (interesado_id, vivienda_id, create_date, mensaje) values (26, 26, '2022-05-18', 'vestibulum velit id pretium iaculis diam erat fermentum justo nec condimentum neque sapien placerat ante');
insert into interesa (interesado_id, vivienda_id, create_date, mensaje) values (27, 27, '2021-05-17', 'nunc proin at turpis a pede posuere nonummy integer non velit donec diam');
insert into interesa (interesado_id, vivienda_id, create_date, mensaje) values (28, 28, '2022-02-12', 'felis fusce posuere felis sed lacus morbi sem mauris laoreet ut rhoncus aliquet pulvinar sed nisl nunc rhoncus dui vel');
insert into interesa (interesado_id, vivienda_id, create_date, mensaje) values (29, 29, '2022-06-27', 'in congue etiam justo etiam pretium iaculis justo in hac habitasse platea dictumst etiam faucibus cursus urna ut tellus nulla');
insert into interesa (interesado_id, vivienda_id, create_date, mensaje) values (30, 30, '2021-08-23', 'quis odio consequat varius integer ac leo pellentesque ultrices mattis odio donec vitae nisi');



insert into user (id, apellidos, avatar, create_date_authority, direccion, email, nombre, password, role, telefono, inmobiliaria_id) values (1, 'Kleinstub', 'https://robohash.org/doloremporrovelit.png?size=50x50&set=set1', '2022-05-03', '19264 Hintze Trail', 'kkleinstub0@photobucket.com', 'Kristel', 'xFTSPLfG', 'GESTOR', '(599) 1870117', 1);
insert into user (id, apellidos, avatar, create_date_authority, direccion, email, nombre, password, role, telefono, inmobiliaria_id) values (2, 'Clemon', 'https://robohash.org/commodivoluptateshic.png?size=50x50&set=set1', '2022-03-07', '176 Jenifer Junction', 'cclemon1@indiegogo.com', 'Cindie', 'nH7zLcI', 'PROPIETARIO', '(477) 7573233', 2);
insert into user (id, apellidos, avatar, create_date_authority, direccion, email, nombre, password, role, telefono, inmobiliaria_id) values (3, 'Gersam', 'https://robohash.org/autemvoluptatesexpedita.png?size=50x50&set=set1', '2022-06-27', '373 Warbler Street', 'bgersam2@java.com', 'Brandon', 'iTwiL62UM', 'GESTOR', '(752) 9585341', 3);
insert into user (id, apellidos, avatar, create_date_authority, direccion, email, nombre, password, role, telefono, inmobiliaria_id) values (4, 'Kluss', 'https://robohash.org/atiurequos.png?size=50x50&set=set1', '2022-04-01', '34001 Lunder Street', 'skluss3@dot.gov', 'Sibley', 'qS0n4Jwo', 'ADMINISTRADOR', '(761) 5981653', 4);
insert into user (id, apellidos, avatar, create_date_authority, direccion, email, nombre, password, role, telefono, inmobiliaria_id) values (5, 'Freeborne', 'https://robohash.org/minusperspiciatisest.png?size=50x50&set=set1', '2022-09-25', '54566 Paget Parkway', 'rfreeborne4@alibaba.com', 'Reggie', '8gUevwMZKUXn', 'GESTOR', '(469) 7925157', 5);
insert into user (id, apellidos, avatar, create_date_authority, direccion, email, nombre, password, role, telefono, inmobiliaria_id) values (6, 'Atherton', 'https://robohash.org/sedimpeditenim.png?size=50x50&set=set1', '2022-04-03', '0017 Bay Center', 'patherton5@tiny.cc', 'Pepe', 'MZbJ6iL37', 'GESTOR', '(463) 2547132', 6);
insert into user (id, apellidos, avatar, create_date_authority, direccion, email, nombre, password, role, telefono, inmobiliaria_id) values (7, 'Coorington', 'https://robohash.org/remquidemquam.png?size=50x50&set=set1', '2022-06-14', '703 Burrows Way', 'ecoorington6@php.net', 'Eleonora', 'RmsIKhZy', 'ADMINISTRADOR', '(951) 4315203', 7);
insert into user (id, apellidos, avatar, create_date_authority, direccion, email, nombre, password, role, telefono, inmobiliaria_id) values (8, 'Di Roberto', 'https://robohash.org/sedeumqui.png?size=50x50&set=set1', '2022-06-21', '32 Express Pass', 'ldiroberto7@exblog.jp', 'Liam', 'cEfCe3G', 'GESTOR', '(182) 4727356', 8);
insert into user (id, apellidos, avatar, create_date_authority, direccion, email, nombre, password, role, telefono, inmobiliaria_id) values (9, 'Pedrielli', 'https://robohash.org/perferendisvoluptatemnam.png?size=50x50&set=set1', '2022-08-09', '4 Service Park', 'ppedrielli8@qq.com', 'Petra', 'q2YanNd3', 'PROPIETARIO', '(383) 9949897', 9);
insert into user (id, apellidos, avatar, create_date_authority, direccion, email, nombre, password, role, telefono, inmobiliaria_id) values (10, 'Earnshaw', 'https://robohash.org/undetemporibusquia.png?size=50x50&set=set1', '2022-03-02', '6824 Eagan Park', 'searnshaw9@vk.com', 'Stanley', 'VedKYyYgc2', 'GESTOR', '(453) 1457118', 10);
insert into user (id, apellidos, avatar, create_date_authority, direccion, email, nombre, password, role, telefono, inmobiliaria_id) values (11, 'Moughton', 'https://robohash.org/quidemsitconsequatur.png?size=50x50&set=set1', '2022-10-07', '5068 Kedzie Way', 'amoughtona@cloudflare.com', 'Adela', 'h4rw2lKQmsj5', 'GESTOR', '(670) 3613671', 11);
insert into user (id, apellidos, avatar, create_date_authority, direccion, email, nombre, password, role, telefono, inmobiliaria_id) values (12, 'Ridgeway', 'https://robohash.org/similiqueetofficiis.png?size=50x50&set=set1', '2022-09-24', '14 Hovde Alley', 'gridgewayb@tinyurl.com', 'Galvin', 'ocLy6nR', 'PROPIETARIO', '(550) 7043879', 12);
insert into user (id, apellidos, avatar, create_date_authority, direccion, email, nombre, password, role, telefono, inmobiliaria_id) values (13, 'Lipprose', 'https://robohash.org/cumvoluptatibusdolore.png?size=50x50&set=set1', '2022-03-19', '025 Warner Terrace', 'glipprosec@earthlink.net', 'Giraldo', 'YJe5T3N6lQ', 'GESTOR', '(115) 2056774', 13);
insert into user (id, apellidos, avatar, create_date_authority, direccion, email, nombre, password, role, telefono, inmobiliaria_id) values (14, 'Ashelford', 'https://robohash.org/hicaliquamut.png?size=50x50&set=set1', '2022-06-04', '6086 Hooker Drive', 'tashelfordd@amazonaws.com', 'Trescha', 'JS7ZoNRJ', 'ADMINISTRADOR', '(557) 8722359', 14);
insert into user (id, apellidos, avatar, create_date_authority, direccion, email, nombre, password, role, telefono, inmobiliaria_id) values (15, 'Sears', 'https://robohash.org/quiaataut.png?size=50x50&set=set1', '2022-05-14', '887 School Alley', 'bsearse@geocities.com', 'Brockie', 'tTYiZ66RfP', 'PROPIETARIO', '(119) 4419097', 15);
insert into user (id, apellidos, avatar, create_date_authority, direccion, email, nombre, password, role, telefono, inmobiliaria_id) values (16, 'Marples', 'https://robohash.org/omnissednostrum.png?size=50x50&set=set1', '2022-09-12', '5 Park Meadow Park', 'hmarplesf@gnu.org', 'Hortensia', 'nGIXMSZqlzLp', 'ADMINISTRADOR', '(529) 5039466', 16);
insert into user (id, apellidos, avatar, create_date_authority, direccion, email, nombre, password, role, telefono, inmobiliaria_id) values (17, 'Pilgrim', 'https://robohash.org/etesseculpa.png?size=50x50&set=set1', '2022-02-06', '7 Mcguire Place', 'cpilgrimg@blogtalkradio.com', 'Costa', 'J4pEQFf2f9nd', 'ADMINISTRADOR', '(702) 1605524', 17);
insert into user (id, apellidos, avatar, create_date_authority, direccion, email, nombre, password, role, telefono, inmobiliaria_id) values (18, 'Jeskin', 'https://robohash.org/veritatisdoloremquecommodi.png?size=50x50&set=set1', '2022-07-02', '67 Granby Circle', 'tjeskinh@globo.com', 'Timi', 'rbCyMslquYXu', 'ADMINISTRADOR', '(921) 4911762', 18);
insert into user (id, apellidos, avatar, create_date_authority, direccion, email, nombre, password, role, telefono, inmobiliaria_id) values (19, 'Blei', 'https://robohash.org/dictaquicumque.png?size=50x50&set=set1', '2022-09-28', '44 Alpine Plaza', 'dbleii@google.de', 'Delphine', 'K9Ahkjva', 'GESTOR', '(720) 7563438', 19);
insert into user (id, apellidos, avatar, create_date_authority, direccion, email, nombre, password, role, telefono, inmobiliaria_id) values (20, 'Unger', 'https://robohash.org/numquameaquevoluptatem.png?size=50x50&set=set1', '2022-02-14', '3522 Dunning Center', 'kungerj@oaic.gov.au', 'Kittie', 'Y1VbYL', 'GESTOR', '(430) 2201636', 20);
insert into user (id, apellidos, avatar, create_date_authority, direccion, email, nombre, password, role, telefono, inmobiliaria_id) values (21, 'McKerron', 'https://robohash.org/numquamvoluptatummaiores.png?size=50x50&set=set1', '2022-05-30', '05563 South Alley', 'vmckerronk@cnet.com', 'Verena', 'NEDvtm3S', 'ADMINISTRADOR', '(578) 4444889', 21);
insert into user (id, apellidos, avatar, create_date_authority, direccion, email, nombre, password, role, telefono, inmobiliaria_id) values (22, 'Leipold', 'https://robohash.org/corruptireprehenderitexpedita.png?size=50x50&set=set1', '2022-07-22', '5307 New Castle Avenue', 'nleipoldl@ustream.tv', 'Novelia', 'vmIVwlCduxbZ', 'ADMINISTRADOR', '(889) 1295146', 22);
insert into user (id, apellidos, avatar, create_date_authority, direccion, email, nombre, password, role, telefono, inmobiliaria_id) values (23, 'Hannis', 'https://robohash.org/quibusdamquinisi.png?size=50x50&set=set1', '2022-09-04', '68 Pierstorff Place', 'khannism@tripadvisor.com', 'Kristi', 'edZA2C7w31', 'GESTOR', '(192) 7451208', 23);
insert into user (id, apellidos, avatar, create_date_authority, direccion, email, nombre, password, role, telefono, inmobiliaria_id) values (24, 'Catford', 'https://robohash.org/quianonex.png?size=50x50&set=set1', '2022-04-18', '566 Talisman Plaza', 'vcatfordn@hexun.com', 'Violette', 'mZbKrVzbDVI', 'GESTOR', '(223) 8760583', 24);
insert into user (id, apellidos, avatar, create_date_authority, direccion, email, nombre, password, role, telefono, inmobiliaria_id) values (25, 'Croome', 'https://robohash.org/voluptatessitquaerat.png?size=50x50&set=set1', '2022-07-26', '27 Warbler Parkway', 'mcroomeo@unesco.org', 'Moise', 'hQF6g5d', 'GESTOR', '(270) 2908544', 25);
insert into user (id, apellidos, avatar, create_date_authority, direccion, email, nombre, password, role, telefono, inmobiliaria_id) values (26, 'Burley', 'https://robohash.org/corporisnihilvoluptatibus.png?size=50x50&set=set1', '2022-09-11', '0637 Granby Hill', 'dburleyp@google.com', 'Delmer', 'ROdXwdR', 'GESTOR', '(152) 5799762', 26);
insert into user (id, apellidos, avatar, create_date_authority, direccion, email, nombre, password, role, telefono, inmobiliaria_id) values (27, 'Lowless', 'https://robohash.org/corporislaborumpariatur.png?size=50x50&set=set1', '2022-06-04', '19035 Talmadge Point', 'blowlessq@people.com.cn', 'Blanca', 'Sch4hTezTht', 'PROPIETARIO', '(176) 3323174', 27);
insert into user (id, apellidos, avatar, create_date_authority, direccion, email, nombre, password, role, telefono, inmobiliaria_id) values (28, 'Cyseley', 'https://robohash.org/innontemporibus.png?size=50x50&set=set1', '2022-12-30', '95 International Terrace', 'jcyseleyr@ibm.com', 'Janette', 'Ox2IUszr', 'ADMINISTRADOR', '(853) 9066321', 28);
insert into user (id, apellidos, avatar, create_date_authority, direccion, email, nombre, password, role, telefono, inmobiliaria_id) values (29, 'Gobeaux', 'https://robohash.org/sedquidemnisi.png?size=50x50&set=set1', '2022-06-09', '4649 Old Gate Junction', 'dgobeauxs@ucla.edu', 'Durand', '228Knq4CF7', 'GESTOR', '(929) 7777353', 29);
insert into user (id, apellidos, avatar, create_date_authority, direccion, email, nombre, password, role, telefono, inmobiliaria_id) values (30, 'Paiton', 'https://robohash.org/veritatisdolorummolestias.png?size=50x50&set=set1', '2022-09-18', '05027 East Center', 'dpaitont@sina.com.cn', 'Drusi', 'EJu5InSJt9', 'ADMINISTRADOR', '(338) 9281719', 30);


insert into vivienda (id, avatar, codigo_postal, descripcion, direccion, latlng, metros_cuadrados, num_banios, num_habitaciones, poblacion, precio, provincia, tiene_ascensor, tiene_garaje, tiene_piscina, tipo, inmobiliaria_id, propietario_id) values (1, 'https://robohash.org/consecteturaspernaturcumque.png?size=50x50&set=set1', null, '', '47634 Marquette Street', '332534535,345', 172.021, 2, 2, 'Indonesia', 113986.288, 'China', false, true, false, '', 1, 1);
insert into vivienda (id, avatar, codigo_postal, descripcion, direccion, latlng, metros_cuadrados, num_banios, num_habitaciones, poblacion, precio, provincia, tiene_ascensor, tiene_garaje, tiene_piscina, tipo, inmobiliaria_id, propietario_id) values (2, 'https://robohash.org/nequedoloresat.png?size=50x50&set=set1', null, '', '07708 Gerald Place', '332534535,345', 161.346, 2, 2, 'Indonesia', 167958.996, 'United States', false, true, false, '', 2, 2);
insert into vivienda (id, avatar, codigo_postal, descripcion, direccion, latlng, metros_cuadrados, num_banios, num_habitaciones, poblacion, precio, provincia, tiene_ascensor, tiene_garaje, tiene_piscina, tipo, inmobiliaria_id, propietario_id) values (3, 'https://robohash.org/quivoluptatesaccusamus.png?size=50x50&set=set1', 'T1W', '', '062 Katie Road', '332534535,345', 182.063, 2, 3, 'Canada', 229841.221, 'China', true, false, false, '', 3, 3);
insert into vivienda (id, avatar, codigo_postal, descripcion, direccion, latlng, metros_cuadrados, num_banios, num_habitaciones, poblacion, precio, provincia, tiene_ascensor, tiene_garaje, tiene_piscina, tipo, inmobiliaria_id, propietario_id) values (4, 'https://robohash.org/sitidcommodi.png?size=50x50&set=set1', null, '', '9866 Haas Court', '332534535,345', 80.095, 3, 4, 'Peru', 125312.561, 'Panama', true, false, true, '', 4, 4);
insert into vivienda (id, avatar, codigo_postal, descripcion, direccion, latlng, metros_cuadrados, num_banios, num_habitaciones, poblacion, precio, provincia, tiene_ascensor, tiene_garaje, tiene_piscina, tipo, inmobiliaria_id, propietario_id) values (5, 'https://robohash.org/nostrumveritatisut.png?size=50x50&set=set1', null, '', '550 Pennsylvania Terrace', '332534535,345', 166.486, 2, 2, 'China', 133181.104, 'Mexico', true, true, true, '', 5, 5);
insert into vivienda (id, avatar, codigo_postal, descripcion, direccion, latlng, metros_cuadrados, num_banios, num_habitaciones, poblacion, precio, provincia, tiene_ascensor, tiene_garaje, tiene_piscina, tipo, inmobiliaria_id, propietario_id) values (6, 'https://robohash.org/utinexplicabo.png?size=50x50&set=set1', '761 43', '', '354 Dexter Center', '332534535,345', 153.436, 1, 2, 'Sweden', 125899.069, 'Philippines', false, false, true, '', 6, 6);
insert into vivienda (id, avatar, codigo_postal, descripcion, direccion, latlng, metros_cuadrados, num_banios, num_habitaciones, poblacion, precio, provincia, tiene_ascensor, tiene_garaje, tiene_piscina, tipo, inmobiliaria_id, propietario_id) values (7, 'https://robohash.org/consecteturplaceatvoluptas.png?size=50x50&set=set1', null, '', '88849 Northridge Road', '332534535,345', 156.903, 3, 3, 'China', 121024.594, 'Philippines', false, true, true, '', 7, 7);
insert into vivienda (id, avatar, codigo_postal, descripcion, direccion, latlng, metros_cuadrados, num_banios, num_habitaciones, poblacion, precio, provincia, tiene_ascensor, tiene_garaje, tiene_piscina, tipo, inmobiliaria_id, propietario_id) values (8, 'https://robohash.org/auttemporeeos.png?size=50x50&set=set1', '2342', '', '5 Bluestem Hill', '332534535,345', 99.363, 1, 2, 'Slovenia', 124357.076, 'Poland', false, false, true, '', 8, 8);
insert into vivienda (id, avatar, codigo_postal, descripcion, direccion, latlng, metros_cuadrados, num_banios, num_habitaciones, poblacion, precio, provincia, tiene_ascensor, tiene_garaje, tiene_piscina, tipo, inmobiliaria_id, propietario_id) values (9, 'https://robohash.org/veroquasimpedit.png?size=50x50&set=set1', null, '', '88361 Rusk Trail', '332534535,345', 158.34, 2, 4, 'China', 149288.342, 'China', false, true, true, '', 9, 9);
insert into vivienda (id, avatar, codigo_postal, descripcion, direccion, latlng, metros_cuadrados, num_banios, num_habitaciones, poblacion, precio, provincia, tiene_ascensor, tiene_garaje, tiene_piscina, tipo, inmobiliaria_id, propietario_id) values (10, 'https://robohash.org/quiailloet.png?size=50x50&set=set1', null, '', '9 Maryland Alley', '332534535,345', 101.149, 2, 2, 'China', 156076.687, 'Philippines', true, true, false, '', 10, 10);
insert into vivienda (id, avatar, codigo_postal, descripcion, direccion, latlng, metros_cuadrados, num_banios, num_habitaciones, poblacion, precio, provincia, tiene_ascensor, tiene_garaje, tiene_piscina, tipo, inmobiliaria_id, propietario_id) values (11, 'https://robohash.org/velitmollitiarepellendus.png?size=50x50&set=set1', null, '', '58935 Calypso Avenue', '332534535,345', 128.403, 3, 3, 'China', 155797.731, 'Honduras', true, true, false, '', 11, 11);
insert into vivienda (id, avatar, codigo_postal, descripcion, direccion, latlng, metros_cuadrados, num_banios, num_habitaciones, poblacion, precio, provincia, tiene_ascensor, tiene_garaje, tiene_piscina, tipo, inmobiliaria_id, propietario_id) values (12, 'https://robohash.org/veniammagnisoluta.png?size=50x50&set=set1', null, '', '42 3rd Court', '332534535,345', 110.772, 1, 2, 'China', 172284.81, 'Philippines', false, false, true, '', 12, 12);
insert into vivienda (id, avatar, codigo_postal, descripcion, direccion, latlng, metros_cuadrados, num_banios, num_habitaciones, poblacion, precio, provincia, tiene_ascensor, tiene_garaje, tiene_piscina, tipo, inmobiliaria_id, propietario_id) values (13, 'https://robohash.org/facereerrorrerum.png?size=50x50&set=set1', null, '', '7080 Delladonna Road', '332534535,345', 143.902, 3, 2, 'Nauru', 206999.095, 'Russia', false, false, false, '', 13, 13);
insert into vivienda (id, avatar, codigo_postal, descripcion, direccion, latlng, metros_cuadrados, num_banios, num_habitaciones, poblacion, precio, provincia, tiene_ascensor, tiene_garaje, tiene_piscina, tipo, inmobiliaria_id, propietario_id) values (14, 'https://robohash.org/odiovelitsit.png?size=50x50&set=set1', null, '', '4094 Iowa Street', '332534535,345', 152.76, 2, 2, 'Indonesia', 166361.919, 'Poland', false, true, false, '', 14, 14);
insert into vivienda (id, avatar, codigo_postal, descripcion, direccion, latlng, metros_cuadrados, num_banios, num_habitaciones, poblacion, precio, provincia, tiene_ascensor, tiene_garaje, tiene_piscina, tipo, inmobiliaria_id, propietario_id) values (15, 'https://robohash.org/doloreipsamveritatis.png?size=50x50&set=set1', null, '', '06 Del Sol Drive', '332534535,345', 125.189, 1, 4, 'China', 207081.242, 'United States', true, false, true, '', 15, 15);
insert into vivienda (id, avatar, codigo_postal, descripcion, direccion, latlng, metros_cuadrados, num_banios, num_habitaciones, poblacion, precio, provincia, tiene_ascensor, tiene_garaje, tiene_piscina, tipo, inmobiliaria_id, propietario_id) values (16, 'https://robohash.org/autfaceremolestias.png?size=50x50&set=set1', '6360', '', '47807 Maple Wood Way', '332534535,345', 166.554, 1, 2, 'Argentina', 217819.549, 'Philippines', true, false, true, '', 16, 16);
insert into vivienda (id, avatar, codigo_postal, descripcion, direccion, latlng, metros_cuadrados, num_banios, num_habitaciones, poblacion, precio, provincia, tiene_ascensor, tiene_garaje, tiene_piscina, tipo, inmobiliaria_id, propietario_id) values (17, 'https://robohash.org/quodeseruntvoluptatem.png?size=50x50&set=set1', null, '', '5706 South Lane', '332534535,345', 84.835, 2, 4, 'Nigeria', 120764.945, 'China', true, false, true, '', 17, 17);
insert into vivienda (id, avatar, codigo_postal, descripcion, direccion, latlng, metros_cuadrados, num_banios, num_habitaciones, poblacion, precio, provincia, tiene_ascensor, tiene_garaje, tiene_piscina, tipo, inmobiliaria_id, propietario_id) values (18, 'https://robohash.org/doloresdolorqui.png?size=50x50&set=set1', '4431', '', '94821 Warbler Point', '332534535,345', 146.442, 1, 4, 'Philippines', 148351.091, 'France', true, true, true, '', 18, 18);
insert into vivienda (id, avatar, codigo_postal, descripcion, direccion, latlng, metros_cuadrados, num_banios, num_habitaciones, poblacion, precio, provincia, tiene_ascensor, tiene_garaje, tiene_piscina, tipo, inmobiliaria_id, propietario_id) values (19, 'https://robohash.org/impeditquaeratquo.png?size=50x50&set=set1', null, '', '32 Lunder Terrace', '332534535,345', 84.787, 2, 4, 'Syria', 119292.041, 'Portugal', false, false, false, '', 19, 19);
insert into vivienda (id, avatar, codigo_postal, descripcion, direccion, latlng, metros_cuadrados, num_banios, num_habitaciones, poblacion, precio, provincia, tiene_ascensor, tiene_garaje, tiene_piscina, tipo, inmobiliaria_id, propietario_id) values (20, 'https://robohash.org/nobisquamiusto.png?size=50x50&set=set1', '140225', '', '9033 Truax Avenue', '332534535,345', 114.052, 1, 4, 'Russia', 184695.861, 'Armenia', true, true, false, '', 20, 20);
insert into vivienda (id, avatar, codigo_postal, descripcion, direccion, latlng, metros_cuadrados, num_banios, num_habitaciones, poblacion, precio, provincia, tiene_ascensor, tiene_garaje, tiene_piscina, tipo, inmobiliaria_id, propietario_id) values (21, 'https://robohash.org/assumendaexcepturivoluptas.png?size=50x50&set=set1', '21006', '', '315 Norway Maple Hill', '332534535,345', 146.741, 3, 3, 'Costa Rica', 152657.602, 'Ukraine', true, true, false, '', 21, 21);
insert into vivienda (id, avatar, codigo_postal, descripcion, direccion, latlng, metros_cuadrados, num_banios, num_habitaciones, poblacion, precio, provincia, tiene_ascensor, tiene_garaje, tiene_piscina, tipo, inmobiliaria_id, propietario_id) values (22, 'https://robohash.org/voluptaseaqueaccusantium.png?size=50x50&set=set1', null, '', '749 Independence Crossing', '332534535,345', 189.459, 3, 3, 'Vietnam', 220412.05, 'United States', true, true, false, '', 22, 22);
insert into vivienda (id, avatar, codigo_postal, descripcion, direccion, latlng, metros_cuadrados, num_banios, num_habitaciones, poblacion, precio, provincia, tiene_ascensor, tiene_garaje, tiene_piscina, tipo, inmobiliaria_id, propietario_id) values (23, 'https://robohash.org/estautvoluptatem.png?size=50x50&set=set1', null, '', '5930 Steensland Park', '332534535,345', 170.689, 1, 3, 'China', 249564.717, 'Ukraine', true, false, false, '', 23, 23);
insert into vivienda (id, avatar, codigo_postal, descripcion, direccion, latlng, metros_cuadrados, num_banios, num_habitaciones, poblacion, precio, provincia, tiene_ascensor, tiene_garaje, tiene_piscina, tipo, inmobiliaria_id, propietario_id) values (24, 'https://robohash.org/consequaturquidemveritatis.png?size=50x50&set=set1', '142817', '', '0580 Prairieview Crossing', '332534535,345', 110.459, 3, 4, 'Russia', 184999.2, 'China', false, true, false, '', 24, 24);
insert into vivienda (id, avatar, codigo_postal, descripcion, direccion, latlng, metros_cuadrados, num_banios, num_habitaciones, poblacion, precio, provincia, tiene_ascensor, tiene_garaje, tiene_piscina, tipo, inmobiliaria_id, propietario_id) values (25, 'https://robohash.org/estetsed.png?size=50x50&set=set1', null, '', '55 Bunker Hill Road', '332534535,345', 156.391, 3, 4, 'Indonesia', 135672.942, 'Indonesia', true, false, true, '', 25, 25);
insert into vivienda (id, avatar, codigo_postal, descripcion, direccion, latlng, metros_cuadrados, num_banios, num_habitaciones, poblacion, precio, provincia, tiene_ascensor, tiene_garaje, tiene_piscina, tipo, inmobiliaria_id, propietario_id) values (26, 'https://robohash.org/etnihilsoluta.png?size=50x50&set=set1', null, '', '4 Surrey Alley', '332534535,345', 184.535, 1, 4, 'Indonesia', 220062.871, 'China', false, false, true, '', 26, 26);
insert into vivienda (id, avatar, codigo_postal, descripcion, direccion, latlng, metros_cuadrados, num_banios, num_habitaciones, poblacion, precio, provincia, tiene_ascensor, tiene_garaje, tiene_piscina, tipo, inmobiliaria_id, propietario_id) values (27, 'https://robohash.org/suscipitinciduntanimi.png?size=50x50&set=set1', null, '', '6 Cascade Drive', '332534535,345', 119.786, 2, 3, 'Greece', 128206.184, 'Armenia', false, true, true, '', 27, 27);
insert into vivienda (id, avatar, codigo_postal, descripcion, direccion, latlng, metros_cuadrados, num_banios, num_habitaciones, poblacion, precio, provincia, tiene_ascensor, tiene_garaje, tiene_piscina, tipo, inmobiliaria_id, propietario_id) values (28, 'https://robohash.org/excepturimagniearum.png?size=50x50&set=set1', null, '', '82609 Aberg Place', '332534535,345', 114.51, 2, 4, 'Indonesia', 200272.996, 'Poland', false, true, true, '', 28, 28);
insert into vivienda (id, avatar, codigo_postal, descripcion, direccion, latlng, metros_cuadrados, num_banios, num_habitaciones, poblacion, precio, provincia, tiene_ascensor, tiene_garaje, tiene_piscina, tipo, inmobiliaria_id, propietario_id) values (29, 'https://robohash.org/fugiatassumendavoluptatem.png?size=50x50&set=set1', null, '', '7 1st Center', '332534535,345', 109.503, 1, 4, 'Indonesia', 107644.006, 'Czech Republic', true, true, false, '', 29, 29);
insert into vivienda (id, avatar, codigo_postal, descripcion, direccion, latlng, metros_cuadrados, num_banios, num_habitaciones, poblacion, precio, provincia, tiene_ascensor, tiene_garaje, tiene_piscina, tipo, inmobiliaria_id, propietario_id) values (30, 'https://robohash.org/odioenimet.png?size=50x50&set=set1', '617140', '', '60 Pankratz Road', '332534535,345', 184.041, 3, 4, 'Russia', 134400.012, 'Tajikistan', false, false, false, '', 30, 30);
insert into vivienda (id, avatar, codigo_postal, descripcion, direccion, latlng, metros_cuadrados, num_banios, num_habitaciones, poblacion, precio, provincia, tiene_ascensor, tiene_garaje, tiene_piscina, tipo, inmobiliaria_id, propietario_id) values (31, 'https://robohash.org/ipsanonporro.png?size=50x50&set=set1', '08190', '', '97307 Springview Court', '332534535,345', 125.478, 2, 4, 'Spain', 102055.557, 'China', true, true, false, '', 31, 31);


insert into vivienda_interesa_list (vivienda_id, interesa_list_interesado_id, interesa_list_vivienda_id) values (1, 1, 1);
insert into vivienda_interesa_list (vivienda_id, interesa_list_interesado_id, interesa_list_vivienda_id) values (2, 2, 2);
insert into vivienda_interesa_list (vivienda_id, interesa_list_interesado_id, interesa_list_vivienda_id) values (3, 3, 3);
insert into vivienda_interesa_list (vivienda_id, interesa_list_interesado_id, interesa_list_vivienda_id) values (4, 4, 4);
insert into vivienda_interesa_list (vivienda_id, interesa_list_interesado_id, interesa_list_vivienda_id) values (5, 5, 5);
insert into vivienda_interesa_list (vivienda_id, interesa_list_interesado_id, interesa_list_vivienda_id) values (6, 6, 6);
insert into vivienda_interesa_list (vivienda_id, interesa_list_interesado_id, interesa_list_vivienda_id) values (7, 7, 7);
insert into vivienda_interesa_list (vivienda_id, interesa_list_interesado_id, interesa_list_vivienda_id) values (8, 8, 8);
insert into vivienda_interesa_list (vivienda_id, interesa_list_interesado_id, interesa_list_vivienda_id) values (9, 9, 9);
insert into vivienda_interesa_list (vivienda_id, interesa_list_interesado_id, interesa_list_vivienda_id) values (10, 10, 10);
insert into vivienda_interesa_list (vivienda_id, interesa_list_interesado_id, interesa_list_vivienda_id) values (11, 11, 11);
insert into vivienda_interesa_list (vivienda_id, interesa_list_interesado_id, interesa_list_vivienda_id) values (12, 12, 12);
insert into vivienda_interesa_list (vivienda_id, interesa_list_interesado_id, interesa_list_vivienda_id) values (13, 13, 13);
insert into vivienda_interesa_list (vivienda_id, interesa_list_interesado_id, interesa_list_vivienda_id) values (14, 14, 14);
insert into vivienda_interesa_list (vivienda_id, interesa_list_interesado_id, interesa_list_vivienda_id) values (15, 15, 15);
insert into vivienda_interesa_list (vivienda_id, interesa_list_interesado_id, interesa_list_vivienda_id) values (16, 16, 16);
insert into vivienda_interesa_list (vivienda_id, interesa_list_interesado_id, interesa_list_vivienda_id) values (17, 17, 17);
insert into vivienda_interesa_list (vivienda_id, interesa_list_interesado_id, interesa_list_vivienda_id) values (18, 18, 18);
insert into vivienda_interesa_list (vivienda_id, interesa_list_interesado_id, interesa_list_vivienda_id) values (19, 19, 19);
insert into vivienda_interesa_list (vivienda_id, interesa_list_interesado_id, interesa_list_vivienda_id) values (20, 20, 20);
insert into vivienda_interesa_list (vivienda_id, interesa_list_interesado_id, interesa_list_vivienda_id) values (21, 21, 21);
insert into vivienda_interesa_list (vivienda_id, interesa_list_interesado_id, interesa_list_vivienda_id) values (22, 22, 22);
insert into vivienda_interesa_list (vivienda_id, interesa_list_interesado_id, interesa_list_vivienda_id) values (23, 23, 23);
insert into vivienda_interesa_list (vivienda_id, interesa_list_interesado_id, interesa_list_vivienda_id) values (24, 24, 24);
insert into vivienda_interesa_list (vivienda_id, interesa_list_interesado_id, interesa_list_vivienda_id) values (25, 25, 25);
insert into vivienda_interesa_list (vivienda_id, interesa_list_interesado_id, interesa_list_vivienda_id) values (26, 26, 26);
insert into vivienda_interesa_list (vivienda_id, interesa_list_interesado_id, interesa_list_vivienda_id) values (27, 27, 27);
insert into vivienda_interesa_list (vivienda_id, interesa_list_interesado_id, interesa_list_vivienda_id) values (28, 28, 28);
insert into vivienda_interesa_list (vivienda_id, interesa_list_interesado_id, interesa_list_vivienda_id) values (29, 29, 29);
insert into vivienda_interesa_list (vivienda_id, interesa_list_interesado_id, interesa_list_vivienda_id) values (30, 30, 30);




